Application IDs,560d789a6a42ad5a,DC++ 0.261 / 0.698 / 0.782 (r2402.1)
Application IDs,bcc705f705d8132b,Instan-t 5.2 (Build 2824)
Application IDs,1d12f965b876dc87,Snagit 2021
Application IDs,4700ff5ae80a6713,PDFCreator 2.2
Application IDs,4a49906d074a3ad3,Media Go 1.8 (Build 121)
Application IDs,6824f4a902c78fbd,Firefox 64.0
Application IDs,fe9e0f7260000a12,RealVNC Server 5.3.0 64-bit (Connect+File Transfer)
Application IDs,a2c73c383525f1bb,RealVNC Viewer 5.3.0 64-bit
Application IDs,d3530c5294441522,HydraIRC 0.3.165
Application IDs,b37a182b9a7a8098,SAPIEN.Packager
Application IDs,ee0c103672a7a2b9,ManyCam 6.7.0
Application IDs,a1d19afe5a80f80,FileZilla 2.2.32
Application IDs,fdbd48d45512dffc,Photoshop 7
Application IDs,989d7545c2b2e7b2,IMVU 465.8.0.0
Application IDs,497f749b9f1a5d16,Microsoft.GamingApp
Application IDs,1eb796d87c32eff9,Firefox 5.0
Application IDs,36801066f71b73c5,Binbot 2.0
Application IDs,cfb56c56fa0f0a54,Mozilla 0.9.9
Application IDs,50c5e019818564e3,Microsoft Excel Viewer 12.0.6219.1000
Application IDs,5f218922e0901ebf,MusicBee
Application IDs,9f5c7755804b850a,Windows Script Host - wscript.exe (64-bit)
Application IDs,23709f6439b9f03d,Hex Editor Neo 5.14(CHANGED)
Application IDs,436eb6eb1bd9f03f,Microsoft Visio 15
Application IDs,33a00252c0fa56de,Mozilla Firefox x32
Application IDs,accca100973ef8dc,Azureus 2.0.8.4
Application IDs,d33ecf70f0b74a77,Picasa 2.2.0 (Build 28.08, 0)
Application IDs,a8df13a46d66f6b5,Kommute (Calypso) 0.24
Application IDs,186b5ccada1d986b,NewsGrabber 3.0.36
Application IDs,99c15cf3e6d52b61,mldonkey 3.1.0
Application IDs,fd1ad55e472f20e0,Google Earth Pro 7.3.2.5491
Application IDs,8f4ae1df7d39f816,X-Ways WinHex x64
Application IDs,62dba7fb39bb0adc,Yahoo Messenger 7.5.0.647 / 8.1.0.421 / 9.0.0.2162 / 10.0.0.1270
Application IDs,466d339d8f21cfbf,Microsoft Snip & Sketch
Application IDs,3917dd550d7df9a8,Konvertor 4.06 (Build 10)
Application IDs,8a1c1c7c389a5320,Safari 3.2.3 (525.29)
Application IDs,be4875bb3e0c158f,CrossFTP 1.75a
Application IDs,9e312f4adee9107,Opera Browser
Application IDs,f674c3a77cfe39d0,Winamp 2.95 / 5.1 / 5.621 / 5.666
Application IDs,f7699cf2eed599ac,Microsoft.SecHealthUI
Application IDs,d788e8bc973b89e9,PKWARE PKZIP for Windows 14
Application IDs,884fd37e05659f3a,VZOchat 6.3.5
Application IDs,1b29f0dc90366bb,AIM 5.9.3857
Application IDs,cbbe886eca4bfc2d,ExoSee 1.0.0
Application IDs,36c36598b08891bf,Vovox 2.5.3.4250
Application IDs,607258d66273ff4d,Microsoft Edge
Application IDs,adecfb853d77462a,Microsoft Office Word 2007 Pinned and Recent.
Application IDs,19e6043495a5b4da,Edit Pad Pro
Application IDs,d460280b17628695,Java Binary
Application IDs,d1cc3f047e70a200,SAPIEN SnippetEditor
Application IDs,fe57f5df17b45fe,Wireshark 2.6.3
Application IDs,22cefa022402327d,Meca Messenger 5.3.0.52 (CHANGED)
Application IDs,92a0e470eecc63d3,RegistryExplorer
Application IDs,74d7f43c1561fc1e,Windows Media Player 12.0.7601.17514
Application IDs,0ef606b196796ebb,HP MediaSmart Photo
Application IDs,cb996a858d7f15c,PDF Architect 4.0.09.25450 64-bit
Application IDs,e76a4ef13fbf2bb1,Manolito 3.1.1
Application IDs,ea83017cdd24374d,IrfanView Thumbnails
Application IDs,d014c0be50851f63,MusicBee 3.4.2.0 x86
Application IDs,bc03160ee1a59fc1,Foxit PDF Reader 5.4.5
Application IDs,c8aa3eaee3d4343d,Trillian 0.74 / 3.1 / 4.2.0.25 / 5.0.0.35 (JL support)
Application IDs,27da120d7e75cf1f,pbFTPClient 6.1
Application IDs,966fa7c312d9b10,Eraser 6.2.0.2970
Application IDs,c45108aa42339506,PowerPoint Show 8
Application IDs,b06bc47edd036329,SAPIEN PowerShell Studio
Application IDs,337ed59af273c758,Sticky Notes (Windows 10)
Application IDs,2519133d6d830f7e,IMatch 3.6.0.113
Application IDs,7904145af324576e,Total Commander 7.56a (Build 16.12.2010) / 8.52a 32-bit
Application IDs,4b5f45de9912de53,Microsoft.Office.Desktop.Access_16xxx
Application IDs,f6fd5d99e2b6e178,LibreOffice 5.1.0.3 Draw
Application IDs,bba8a4896f0d26f,Ares Chat Client (3.1.9.4045)
Application IDs,7ff0b18f1611daa4,Opera Browser
Application IDs,4cb9c5750d51c07f,Microsoft Movies & TV (Build 10.19031.11411.0)
Application IDs,7593af37134fd767,RealPlayer 6.0.6.99 / 7 / 8 / 10.5
Application IDs,780732558f827a42,AutoPix 5.3.3
Application IDs,da7e8de5b8273a0f,Yahoo Messenger 5.0.0.1226 / 6.0.0.1922
Application IDs,73c6a317412687c2,Google Talk 1.0.0.104
Application IDs,f039446000b1b829,SweetScape 010 Editor
Application IDs,6e855c85de07bc6a,Microsoft Office Excel 2010 x64
Application IDs,47592b67dd97a119,Windows Notepad x32 (Notepad.exe)
Application IDs,20ef367747c22564,Bullet Proof FTP 2010.75.0.75
Application IDs,a7bd71699cd38d1c,Microsoft Office Word 2010 x86
Application IDs,431a5b43435cc60b,Python (.pyc)
Application IDs,cdb6f0c373f2da0f,stunnel 5.31
Application IDs,e107946bb682ce47,Filezilla 3.5.1 / 3.16
Application IDs,e26f61afb0824f2e,Photoshop CC 2015
Application IDs,b8ab77100df80ab2,Microsoft Office Excel x64
Application IDs,447e6aa2bbdfbc8a,Slack 4.11.3
Application IDs,f92e607f9de02413,RealPlayer 14.0.6.666
Application IDs,7c8adb9f2028b7d4,SAPIEN Packager
Application IDs,8904a5fd2d98b546,IceChat 7.70 20101031
Application IDs,4cdf7858c6673f4b,Bullet Proof FTP 1.26
Application IDs,7a4ba998575ff2a4,FreeCommander XE 2016 Build 715 32-bit
Application IDs,4acae695c73a28c7,VLC 0.3.0 / 0.4.6
Application IDs,83b03b46dcd30a0e,iTunes 9.0.0.70 / 9.2.1.5 / 10.4.1.10 (begin custom 'Tasks' JL capability) / 12.3.2.35 64-bit
Application IDs,1c30573bdfce4155,Zenmap GUI 6.49BETA4
Application IDs,7e4dca80246863e3,Control Panel - Settings
Application IDs,9027fe24326910d2,Thunderbird 38.6.0
Application IDs,18ae7cda503d746e,Advanced System Optimizer 3
Application IDs,2db8e25112ab4453,Deluge 1.3.3
Application IDs,d4e1769e47ffde26,Cyberlink PhotoDirector 9
Application IDs,46e77b87767b92,Opera Browser 75
Application IDs,b223c3ffbc0a7a42,Bersirc 2.2.14
Application IDs,265142389b98fcb1,DVDFab 9 x86
Application IDs,d1d9b843a81139c6,KeePass
Application IDs,1ced32d74a95c7bc,Microsoft Visual Studio Code
Application IDs,f5ac5390b9115fdb,Microsoft Office PowerPoint 2007
Application IDs,21982dade69f78d8,Opera Browser
Application IDs,ebd8c95d87f25154,Carrier 2.5.5
Application IDs,10f5a20c21466e85,FTP Voyager 15.2.0.17
Application IDs,ecd21b58c2f65a2f,StealthNet 0.8.7.9
Application IDs,d00655d2aa12ff6d,Microsoft PowerPoint 2016 64-bit
Application IDs,9b9cdc69c1c24e2b,Notepad 64-bit
Application IDs,7494a606a9eef18e,Crystal Player 1.98
Application IDs,135df2a440abe9bb,SoulSeek 156c
Application IDs,b06a975b62567622,Windows Live Messenger 8.5.1235.0517 BETA
Application IDs,78f0afb5bd4bb278,Microsoft Lync 2016 64-bit (Skype for Business)
Application IDs,f82607a219af2999,Cyberduck 4.1.2 (Build 8999)
Application IDs,cb1d97aca3fb7e6b,Newz Crawler 1.9.0 (Build 4100)
Application IDs,e6ef42224b845020,ALFTP 5.20.0.4
Application IDs,cb984e3bc7faf234,NewsRover 17.0 (Rev.0)
Application IDs,f920768fe275f7f4,Grabit 1.5.3 Beta (Build 909) / 1.6.2 (Build 940) / 1.7.2 Beta 4 (Build 997)
Application IDs,40371339ad31a7e6,Mozilla Firefox x64
Application IDs,e0532b20aa26a0c9,QQ International 1.1 (2042)
Application IDs,a75b276f6e72cf2a,WinMX 3.53
Application IDs,98b0ef1c84088,fulDC 6.78
Application IDs,d2d0fc95675fb2c8,Microsoft Built-in Print Management (Win10)
Application IDs,baea31eacd87186b,BinaryBoy 1.97 (Build 55)
Application IDs,6fee01bd55a634fe,Smuxi 0.8.0.0
Application IDs,d356105fac5527ef,Steam 1/22/2021
Application IDs,23ef200ca6364eff,Oracle VM VirtualBox 5.0.16
Application IDs,3c355482cb54f75b,Microsoft.GetHelp
Application IDs,122c907c4dc5911f,Mozilla Firefox x32
Application IDs,8bd5c6433ca967e9,ACDSee Photo Manager 2009 (v11.0 Build 113)
Application IDs,43929ae4535c8dea,Microsoft.SkypeApp 15 x86
Application IDs,cc4b36fbfb69a757,gtk-gnutella 0.97
Application IDs,d4a589cab4f573f7,Microsoft Project 2010 x86
Application IDs,971cc6ad207f36cb,PaintShopPro (X9)
Application IDs,0a1d19afe5a80f80,FileZilla 2.2.32
Application IDs,cd40ead0b1eb15ab,NNTPGrab 0.6.2
Application IDs,2a64b26bd99f0d16,Shareaza
Application IDs,9c32e2313792e6e8,Microsoft Built-in Disk Cleanup (Win10)
Application IDs,f784591ff7f60f76,Microsoft Built-in Defragment and Optimize Drives (Win10)
Application IDs,c312e260e424ae76,Mail.Ru Agent 5.8 (JL support)
Application IDs,2a5a615382a84729,X-Chat 2 2.8.6-2
Application IDs,3c93a049a30e25e6,J. River Media Center 16.0.149
Application IDs,cc76755e0f925ce6,AllPicturez 1.2
Application IDs,497b42680f564128,Zoner PhotoStudio 13 (Build 7)
Application IDs,d8081f151f4bd8a5,CuteFTP 8.3 Lite (Build 8.3.4.0007)
Application IDs,44a3621b32122d64,Microsoft Office Word 2010 x64
Application IDs,1c7a9be1b15a03ba,Microsoft Snip & Sketch
Application IDs,efbb2bf3c1d06466,Auslogics Disk Defrag 6.2.1.0
Application IDs,f91fd0c57c4fe449,ExpanDrive 2.1.0
Application IDs,bf483b423ebbd327,Binary Vortex 5.0
Application IDs,4a7e4f6a181d3d08,broolzShare
Application IDs,9d91276b0be3e46b,Windows Help and Support (Built-in) Win7
Application IDs,7937df3c65790919,FTP Explorer 10.5.19 (Build 001)
Application IDs,4fd44f9938892caa,CDBurnerXP
Application IDs,1bc9bbbe61f14501,OneNote
Application IDs,6f647f9488d7a,aIM 7.5.11.9 (custom AppID + JL support)
Application IDs,b50ee40805bd280f,QuickTime Alternative 1.9.5 (Media Player Classic 6.4.9.1)
Application IDs,06059df4b02360af,Kadu 0.10.0 / 0.6.5.5
Application IDs,b7173093b23b9a6a,Beyond Compare 4
Application IDs,cbeb786f0132005d,VLC 0.7.2
Application IDs,e0246018261a9ccc,qutIM 0.2.80.0
Application IDs,65f7dd884b016ab2,LimeChat 2.39
Application IDs,22c4d315e96389e0,FastCopy 3.12
Application IDs,3ed70ef3495535f7,Gravity 3.0.4
Application IDs,65009083bfa6a094,(app launched via XPMode)
Application IDs,d64d36b238c843a3,Microsoft Office InfoPath 2010 x86
Application IDs,8a461f82e9eb4102,Foxit Reader 7.2.0.722
Application IDs,c88c76a215679365,Axialis IconWorkshop 6
Application IDs,e4ea035065b5789a,Maël Hörz HxD Hex Editor 2.5
Application IDs,50620fe75ee0093,VMware Player 3.1.4
Application IDs,f1a4c04eebef2906,[i2p] Robert 0.0.29 Preferences
Application IDs,b0236d03c0627ac4,ICQ 5.1 / ICQLite Build 1068
Application IDs,aedd2de3901a77f4,Pidgin 2.10.11
Application IDs,5e01ecaf82f7d8e,Scour Exchange 0.0.0.228
Application IDs,0b3f13480c2785ae,Paint 6.1 (build 7601: SP1)
Application IDs,319f01bf9fe00f2d,Microsoft Access 2016 64-bit
Application IDs,30d23723bdd5d908,Digsby (Build 30140) (JL support)
Application IDs,76f6f1bd18c19698,aMule 2.2.6
Application IDs,c5c24a503b1727df,XnView 1.98.2 Small / 1.98.2 Standard / 2.35
Application IDs,a8c43ef36da523b1,Microsoft Office Word 2003 Pinned and Recent.
Application IDs,b8c13a5dd8c455a2,Titan FTP Server 8.40 (Build 1338)
Application IDs,03d877ec11607fe4,Thunderbird 6.0.2
Application IDs,56c5204009d2b915,uTorrent 3.5.5
Application IDs,69d97cdc8d4d5043,Microsoft.windowscommunicationsapps
Application IDs,8172865a9d5185cb,Binreader 1.0 (Beta 1)
Application IDs,fbb3e7490ba71a30,SQLite Expert
Application IDs,a79a7ce3c45d781,CuteFTP 7.1 (Build 06.06.2005.1)
Application IDs,92f1d5db021cd876,NewsLeecher 4.0 / 5.0 Beta 6
Application IDs,8dcca8b24a5e822e,CDBurnerXP 4.5.7.6623
Application IDs,fb230a9fe81e71a8,Yahoo Messenger 11.0.0.2014-us
Application IDs,7fa8bdd163836f0c,WinRAR
Application IDs,4b632cf2ceceac35,Robo-FTP Server 3.2.5
Application IDs,d7d647c92cd5d1e6,uTalk 2.6.4 r47692
Application IDs,d7666c416cba240c,NewsMan Pro 3.0.5.2
Application IDs,7b7f65aaeca20a8c,Dropbox App 5.4.24
Application IDs,ea64ce14e5470c33,Microsoft.PowerShell_7.2.1.0 x64
Application IDs,5b72f67adcce9045,UltraVNC 1.2.1.0 Settings
Application IDs,e6ee34ac9913c0a9,VLC 0.6.2
Application IDs,3edf100b207e2199,digiKam 1.7.0 (KDE 4.4.4)
Application IDs,44a50e6c87bc012,Classic FTP Plus 2.15
Application IDs,f0275e8685d95486,Microsoft Office Excel 2013 x86
Application IDs,d53b52fb65bde78c,Android Newsgroup Downloader 6.2
Application IDs,d93f411851d7c929,Windows Powershell 5.0 32-bit
Application IDs,3461e4d1eb393c9c,WTW 0.8.18.2852 / 0.8.19.2940
Application IDs,4c58cf9096ef3efd,Kindle for PC 1.24.3
Application IDs,31b6ebfff794ef0d,Opera Browser (Opera.exe)
Application IDs,6059df4b02360af,Kadu 0.10.0 / 0.6.5.5
Application IDs,2ff9dc8fb7e11f39,I2P 0.8.8 (no window)
Application IDs,f2d2624b34821c85,Opera Browser (Opera.exe)
Application IDs,c98ab5ccf25dda79,NewsShark 2.0
Application IDs,b8a48bfb1f2f0c8d,NordVPN
Application IDs,d22ad6d9d20e6857,ALLPlayer 4.7
Application IDs,a4def57ee99d77e9,Nomad News 1.43
Application IDs,26753c97ea000ecd,LibreOffice 5.1.0.3 Math
Application IDs,1bc392b8e104a00e,Remote Desktop Connection 6.1.7600 (Win7)
Application IDs,8eafbd04ec8631ce,VMware Workstation 9 x64
Application IDs,fb7ca8059b8f2123,ooVoo 3.0.7.21
Application IDs,ff103e2cc310d0d,Adobe Reader XI
Application IDs,8fd1364019dc2115,Calibre E-Book Manager 2.33
Application IDs,a7500ee83f4868ab,DVBViewer
Application IDs,d7528034b5bd6f28,Windows Live Mail Pinned and Recent.
Application IDs,bc0c37e84e063727,Windows Command Processor - cmd.exe (32-bit)
Application IDs,b3016b8da2077262,eMule 0.50a
Application IDs,edc786643819316c,HoneyView3 #5834
Application IDs,3c309c17f7e8ffe1,GIMP 2.8.16
Application IDs,2aa756186e21b320,RealTimeQuery 3.2
Application IDs,f18460fded109990,Windows Connected Devices
Application IDs,fc98c00f85d4ce77,EditPad Pro 8
Application IDs,c634153e7f5fce9c,IrfanView 3.10 / 4.30 / 4.41 32-bit
Application IDs,1da3c90a72bf5527,Safari 4.0.5 (531.22.7) / 5.1 (7534.50)
Application IDs,bc2f88eccd3461b4,Microsoft Built-in Event Viewer 1.0 (Win10)
Application IDs,b916037c1e115fe0,Microsoft Skype (Microsoft.SkypeApp_15)
Application IDs,c9374251edb4c1a8,BitTornado T-0.3.17
Application IDs,a52b0784bd667468,Photos Microsoft 16.526.11220.0 (Windows 10)
Application IDs,67730e20cf5d43f7,MiTec JSON Viewer (JSONView.exe)
Application IDs,3f2cd46691bbee90,GOIM 1.1.0
Application IDs,e36bfc8972e5ab1d,XPS Viewer
Application IDs,f065ac336abcaa3e,Adobe Acrobat DC
Application IDs,b74736c2bd8cc8a5,WinZip 15.5 (9468)
Application IDs,e70d383b15687e37,Notepad++ 6.6.7
Application IDs,d7db75db9cdd7c5d,Xnews 5.04.25
Application IDs,ec3e36af0cdcb3e1,Steam build 2/4/2016
Application IDs,1b4dd67f29cb1962,Windows Explorer Pinned and Recent.
Application IDs,bf9ae1f46bd9c491,Nimbuzz 2.0.0 (rev 6266)
Application IDs,69bacc0499d41c4,Microsoft Excel 12
Application IDs,977a5d147aa093f4,Lphant 3.51
Application IDs,a968adcd5f3991cd,CorelDraw Home 20
Application IDs,4b8a4727aa452343,Firefox 56.0.2
Application IDs,9fda41b86ddcf1db,VLC Media Player 0.5.3 / 0.8.6i / 0.9.7 / 1.1.11 / 2.2.1
Application IDs,f1dfe90245a04467,MPC-BE 64 (Media Player Classic - Black Edition)
Application IDs,69639df789022856,Google Chrome 86.0.4240.111
Application IDs,3866ff352d7719e1,Paint.NET 4.0.9
Application IDs,bfc1d76f16fa778f,Ares (Galaxy) 1.8.4 / 1.9.8 / 2.1.0 / 2.1.7.3041 / 3.1.9.4045
Application IDs,6f39a16f693777f6,Microsoft.MSPaint_8wekyb3d8bbwe
Application IDs,7a7c60efd66817a2,Spotnet 1.7.4
Application IDs,cdf30b95c55fd785,Microsoft Office Excel 2007
Application IDs,bac8a6b507360131,Remote Desktop Connection Manager 2.2
Application IDs,a581b8002a6eb671,WiseFTP 5.5.9
Application IDs,5f6e7bc0fb699772,Microsoft Office PowerPoint 2010 x64
Application IDs,7dca40fd2a5a971f,LibreOffice 5.1.0.3
Application IDs,cd2acd4089508507,AbsoluteTelnet 9.18 Lite
Application IDs,5f7b5f1e01b83767,Quick Access
Application IDs,f0c7bd3e0584a65a,InfraRecorder 0.53.0.0 32-bit
Application IDs,792699a1373f1386,Piolet 3.1.1
Application IDs,86b804f7a28a3c17,Miranda IM 0.6.8 / 0.7.6 / 0.8.27 / 0.9.9 / 0.9.29 (ANSI + Unicode)
Application IDs,25cfc5224e58d5d9,Corel Photo Paint Home
Application IDs,ae3f2acd395b622e,QuickTime Player 6.5.1 / 7.0.3 / 7.5.5 (Build 249.13)
Application IDs,d1fc019238236806,Newsgroup Commander Pro 9.05
Application IDs,647853318c96dfa5,Microsoft.Windows.Cortana
Application IDs,d97efdf3888fe7eb,KeePass 2.31
Application IDs,95962cd8e90977ca,Emsisoft Anti-Malware (a2start.exe)
Application IDs,dba909a61476ccec,NewsWolf 1.41
Application IDs,558c5bd9f906860a,BearShare Lite 5.2.5.1
Application IDs,cd8cafb0fb6afdab,uTorrent 1.7.7 (Build 8179) / 1.8.5 / 2.0 / 2.21 (Build 25113) / 3.0 (Build 25583)
Application IDs,8e4e81d9adc545b8,Microsoft Your Phone
Application IDs,969252ce11249fdd,Mozilla Firefox 40.0 / 44.0.2
Application IDs,43578521d78096c6,Windows Media Player Classic Home Cinema 1.3 (32-bit)
Application IDs,12dc1ea8e34b5a6,Microsoft Paint 6.1
Application IDs,7192f2de78fd9e96,TIFNY 5.0.3
Application IDs,e7f34dee82980c52,LibreOffice Calc
Application IDs,271e609288e1210a,Microsoft Office Access 2010 x86
Application IDs,b77ef7f3fc946302,Pale Moon Browser 26.1.1 (32-bit)
Application IDs,13eb0e5d9a49eaef,Binjet 3.0.2
Application IDs,714b179e552596df,Bullet Proof FTP 2.4.0 (Build 31)
Application IDs,84f066768a22cc4f,Adobe Photoshop CS5 (64-bit)
Application IDs,d8671c1ed93c75c8,Tor Browser 5.5.2
Application IDs,26717493b25aa6e1,Adobe Dreamweaver CS5 (32-bit)
Application IDs,eb3300e672136bc7,Stream Reactor 1.0 Beta 9 (uses VLC!)
Application IDs,24728462b60c215d,Microsoft.WindowsMaps x64
Application IDs,72b0317636c8dbc0,FSPro Event Log Explorer
Application IDs,b08971c77377bde3,Microsoft Visual Studio Community 2015
Application IDs,169b3be0bc43d592,FastPictureViewer Professional 1.6 (Build 211)
Application IDs,3fe28476179ff940,Turnipsoft Freda (ebook reader)
Application IDs,a10b45adb36c1d27,PST Walker 5.54
Application IDs,1cffbe973a437c74,DSPlayer 0.889 Lite
Application IDs,3594aab44bca414b,Windows Photo Viewer
Application IDs,c04f69101c131440,CuteFTP 5.0 (Build 50.6.10.2)
Application IDs,3cf13d83b0bd3867,RevConnect 0.674p (based on DC++)
Application IDs,eb7e629258d326a1,WindowWasher 6.6.1.18
Application IDs,bec10d3aaf939ffa,Pale Moon Browser 26.1.1 (64-bit)
Application IDs,6b8904e2b6864f0f,Mozilla Firefox x32
Application IDs,5bb830f67194431a,7-Zip 18.05 (x64)
Application IDs,e30bbea3e1642660,Neebly 1.0.4
Application IDs,3be7b307dfccb58f,NiouzeFire 0.8.7.0
Application IDs,8f3d7202aa5d4c01,ImgBurn 2.5.8.0
Application IDs,c71ef2c372d322d7,PGP Desktop 10
Application IDs,4e0ac37db19cba15,Xfire 1.138 (Build 44507)
Application IDs,4d939776340f1d18,LibreOffice Writer
Application IDs,a777ad264b54abab,JetVideo 8.0.2.200 Basic
Application IDs,34b9a7ad69ff9c1b,Microsoft Access
Application IDs,bcd7ba75303acbcf,BitLord 1.1
Application IDs,13d1f3ea8d0e7308,Tracker Software PDF-Xchange Viewer
Application IDs,9149d0f5ebf7f710,Microsoft Outlook (15)
Application IDs,f01b4d95cf55d32a,Windows Explorer Windows 8.1
Application IDs,fb3b0dbfee58fac8,Microsoft Word 2016 64-bit
Application IDs,6b81d0477f64e02f,JSONBuddyApp
Application IDs,78aa210563284496,Windows Performance Toolkit (wpa.exe)
Application IDs,05e01ecaf82f7d8e,Scour Exchange 0.0.0.228
Application IDs,23646679aaccfae0,Adobe Reader 9.x(CHANGED)
Application IDs,817e5ad5be351574,Microsoft Built-in Services 10.0.10011.16384 (Win10)
Application IDs,e31a6a8a7506f733,Image AXS Pro 4.1
Application IDs,3b94415067dd2c5d,GOG Galaxy
Application IDs,6e9a79992da9ea2,Nokia PC Suite 7.1
Application IDs,e40cb5a291ad1a5b,Songbird 1.9.3 (Build 1959)
Application IDs,8211531a7918b389,Newsbin Pro 6.00 (Build 1019) (JL support)
Application IDs,d38adec6953449ba,Microsoft Office OneNote 2010 x64
Application IDs,70ffd305907c983b,7zip 18.05
Application IDs,c5ef839d8d1c76f4,LimeWire 5.2.13
Application IDs,c8112ac53c5ed250,Jetico Log Viewer 1.1
Application IDs,95597e2f40dbd9aa,PotPlayerMini64 (potplayer.daum.net)
Application IDs,817bb211c92fd254,GOM Player 2.0.12.3375 / 2.1.28.5039
Application IDs,c31b3d36438b5e2c,Visual Studio Enterprise 2017 Version 15.9.10
Application IDs,f64de962764b9b0f,FTPRush 1.1.3 / 2.15
Application IDs,3dc02b55e44d6697,7-Zip 3.13 / 4.20
Application IDs,16f2f0042ddbe0e8,Windows Terminal
Application IDs,6dc04f5ccc522861,Microsoft.Windows.ShellExperienceHost
Application IDs,28c8b86deab549a1,Internet Explorer 8.0.7600.16385 / 9
Application IDs,70d9ada92108d731,IrfanView 4.51 (x64)
Application IDs,01b29f0dc90366bb,AIM 5.9.3857
Application IDs,75fdabdc3f4b24fc,Microsoft Windows Event Viewer (eventvwr.exe)
Application IDs,14a48fbe3d43239a,Windows System Information(msinfo32.exe)
Application IDs,1110d9896dceddb3,imgSeek 0.8.5
Application IDs,fa7144034d7d083d,Directory Opus 10.0.2.0.4269 (JL tasks supported)
Application IDs,8deb27dfa31c5c2a,CoffeeCup Free FTP 4.4 (Build 1904)
Application IDs,2fa14c7753239e4c,Paint.NET 2.72 / 3.5.8.4081.24580
Application IDs,5fb817cd5a8cad21,Google Drive
Application IDs,c01827d56ff89056,Microsoft Sticky Notes
Application IDs,1a60b1067913516a,Psi 0.14
Application IDs,134620458666ccb0,TeraCopy 2.3 64-bit
Application IDs,bd249197a6faeff2,Windows Live Messenger 2011
Application IDs,f203793bf9d14ff,Razer Central
Application IDs,5e86fbbffae5937b,Waterfox Browser
Application IDs,eab25958dbddbaa4,Binary News Reaper 2 (Beta 0.14.7.448)
Application IDs,75fdacd8330bac18,AnyDesk
Application IDs,c02baf50d02056fc,FotoVac 1.0
Application IDs,3e4d62cf2c569bdf,MPC-HC (Media Player Classic - Home Cinema)
Application IDs,28efb5b6d2e28389,EA Origin
Application IDs,86781fe8437db23e,Messenger Pro 2.66.6.3353
Application IDs,3df22b7648cec4c1,TeamViewer 11.0.55321
Application IDs,cf02284227526d80,Powershell ISE
Application IDs,56bd4efc8f2e1f9c,XnSoft XnViewMP
Application IDs,4ac866364817f10c,Microsoft Edge (Chromium)
Application IDs,ed49e1e6ccdba2f5,GNUnet 0.8.1a
Application IDs,3094cdb43bf5e9c2,Microsoft Office OneNote 2010 x86
Application IDs,ce0e7345de1f1e26,Microsoft.Windows.PrintQueueActionCenter 1.0.1.0
Application IDs,a4a5324453625195,Microsoft Word 2013 32-bit
Application IDs,51dceba79099d8d2,Sapien PowerShell Studio
Application IDs,728008617bc3e34b,eM Client 3.0.10206.0
Application IDs,c8e4c10e5460b00c,iMesh 6.5.0.16898
Application IDs,1434d6d62d64857d,BitLord 1.2.0-66
Application IDs,5df4765359170e26,Firefox 4.0.1
Application IDs,18434d518c3a61eb,Minitab 17
Application IDs,7fd04185af357bd5,UltraLeeacher 1.7.0.2969 / 1.8 Beta (Build 3490)
Application IDs,6dcad003123a22fe,Android Studio
Application IDs,5d6f13ed567aa2da,Microsoft Office Outlook 2010 x64
Application IDs,59e86071b87ac1c3,CuteFTP 8.3 (Build 8.3.4.0007)
Application IDs,3c0022d9de573095,QuteCom 2.2
Application IDs,6f4d358e50595ac1,Emsisoft Anti-Malware (a2start.exe)
Application IDs,2b5841989b3857da,RealVNC Server 5.3.0 64-bit (Chat)
Application IDs,4d72cfa1d0a67418,Newsgroup Image Collector
Application IDs,17d3eb086439f0d7,TrueCrypt 7.1a 64-bit
Application IDs,c5236fd5824c9545,PLAYXPERT 1.0.140.2822
Application IDs,daa1194a2bd88bd7,SAPIEN Packager
Application IDs,254995f62cc3531a,Sanderson Forensics BPLister
Application IDs,939c10c2c101c1b0,Stickies 9.0d
Application IDs,8fdb062f1e486cac,Microsoft Powerpoint 2013 32-bit
Application IDs,6728dd69a3088f97,Windows Command Processor - cmd.exe (64-bit)
Application IDs,fa02aa2c575837a6,Microsoft Built-in Task Scheduler 1.0 (Win10)
Application IDs,918e0ecb43d17e23,Notepad (32-bit)
Application IDs,ef473fab8120b354,uTorrent 3.5.5
Application IDs,fdbaca0a1fce6055,MozBackup 1.5.1
Application IDs,9ce6555426f54b46,HxD 1.7.7.0
Application IDs,22e699ddc3928886,Fineprint PdfFactory
Application IDs,9c08ad74ad8708df,Microsoft Publisher 2016 64-bit
Application IDs,490c000889535727,WinMX 4.9.3.0
Application IDs,44a398496acc926d,Adobe Premiere Pro CS5 (64-bit)
Application IDs,58a5af636f485ff2,RegistryExplorer
Application IDs,290532160612e071,WinRar x64
Application IDs,c7a4093872176c74,Paint Shop Pro Pinned and Recent.
Application IDs,387d72eb9c9aa960,UltraVNC 1.2.1.0 Launcher
Application IDs,b8c29862d9f95832,Microsoft Office InfoPath 2010 x86
Application IDs,ccc0fa1b9f86f7b3,CCleaner 5.15.5513 64-bit
Application IDs,f61b65550a84027e,iMesh 11.0.0.112351
Application IDs,70a4c8cfd9c64000,Programmer's Notepad (pn.exe)
Application IDs,ee6d1f704cdeb7f9,Opera Browser
Application IDs,411447f7de177c68,Windows DVD Maker 64-bit (Win7)
Application IDs,70202c58f1bc64fe,JeticoSoftware BCArchive
Application IDs,58170c92fa4b91a1,MediaMonkey
Application IDs,6224453d9701a612,BinTube 3.7.1.0 (requires VLC 10.5!)
Application IDs,cf0c5b2c9773bfa4,IDA Pro x64
Application IDs,70b52cf73249257,Sococo 1.5.0.2274
Application IDs,c6f7b5bf1b9675e4,BitWise IM 1.7.3a
Application IDs,a61657a5e5dfbdc,Microsoft.WindowsNotepad
Application IDs,9839aec31243a928,Microsoft Office Excel 2010 x86
Application IDs,590aee7bdd69b59b,Windows Powershell 5.0 64-bit
Application IDs,4278d3dc044fc88a,Gaim 1.5.0
Application IDs,174c2c811c286c58,InfraRecorder 0.53.0.0 64-bit
Application IDs,9ad1ec169bf2da7f,FlylinkDC++ r405 (Build 7358)
Application IDs,2d1658d5dc3cbe2d,MySpaceIM 1.0.823.0 Beta
Application IDs,ccb36ff8a8c03b4b,Azureus 2.5.0.4 / Vuze 3.0.5.0
Application IDs,4dd48f858b1a6ba7,Free Download Manager 3.0 (Build 852)
Application IDs,b39c5f226977725d,ACDSee Pro 8.1.99
Application IDs,409b67100697bcc0,Revo Uninstaller Pro 3.1.5
Application IDs,ae069d21df1c57df,mIRC 6.35 / 7.19
Application IDs,fe8bb4692de7b989,Smart Defrag 4.3.0.847
Application IDs,d5c02fc7afbb3fd4,NNTPGrab 0.6.2 Server
Application IDs,b39bc6b590f53961,HexChat 2.10.2 32-bit
Application IDs,43886ba3395acdcc,Easy Post 3.0
Application IDs,bd050ac447f6cd65,Microsoft Xbox App
Application IDs,6bb54d82fa42128d,WinSCP 4.3.4 (Build 1428)
Application IDs,399fb4899502f372,Mozilla Firefox
Application IDs,79370f660ab51725,UploadFTP 2.0.1.0
Application IDs,d28ee773b2cea9b2,3D-FTP 9.0 build 7
Application IDs,5e4713eb935be0b1,foobar2000
Application IDs,4d8bdacf5265a04f,The KMPlayer 2.9.4.1434
Application IDs,784182360de0c5b6,Kazaa Lite 1.7.1
Application IDs,36f6bc3efe1d99e0,Alt.Binz 0.25.0 (Build 27.09.2007)
Application IDs,d57380f96fcfde2f,RegistryExplorer
Application IDs,188f5ec9d11ded56,Microsoft Edge (Chromium)
Application IDs,1461132e553e2e6c,Firefox 6.0
Application IDs,4f24a7b84a7de5a6,Palringo 2.6.3 (r45983)
Application IDs,9a464053cd82de6d,LINE Messenger
Application IDs,044a50e6c87bc012,Classic FTP Plus 2.15
Application IDs,5d7b4175afdcc260,Shareaza 2.0.0.0
Application IDs,5b186fc4a0b40504,Dtella 1.2.5 (Purdue network only)
Application IDs,fa496fe13dd62edf,KVIrc 3.4.2.1 / 4.0.4
Application IDs,cb83010e2bf88ad0,PowerShell ISE x64
Application IDs,556353beba95157c,7Z
Application IDs,6b3a5ce7ad4af9e4,IceChat 9 RC2
Application IDs,6aa18a60024620ae,GCN 2.9.1
Application IDs,9edafe4ba4b22ce7,Eclipse IDE Oxygen (4.7.3a)
Application IDs,4fceec8e021ac978,CoffeeCup Free FTP 3.5.0.0
Application IDs,9390ee5b658e96e,PuTTY 0.72 / 0.73
Application IDs,3353b940c074fd0c,Microsoft Built-in Snipping Tool
Application IDs,e2a593822e01aed3,Adobe Flash CS5 (32-bit)
Application IDs,d5c3931caad5f793,Adobe Soundbooth CS5 (32-bit)
Application IDs,3168cc975b354a01,Slypheed 3.1.2 (Build 1120)
Application IDs,0cfab0ec14b6f953,Express NewsPictures 2.41 (Build 08.05.07.0)
Application IDs,9501e18d7c2ab92e,Google Chrome
Application IDs,ae6df75df512bd06,Microsoft Groove Music (Build 10.19031.1141.0)
Application IDs,be71009ff8bb02a2,Microsoft Office Outlook x86
Application IDs,14354e216395983a,Remote Desktop Manager 2.1.0.0 FREE
Application IDs,be2fd48be71f4560,Autodesk DWG TrueView
Application IDs,d27ff2aece1fd1bf,Epic Privacy Browser
Application IDs,905c98e216107aa1,Microsoft Lync 2013 15.0.4753.1000
Application IDs,f5e4e50707bcd215,Microsoft Message Analyzer 1.4
Application IDs,27ececd8d89b6767,AIM 6.2.14.2 / 6.5.3.12 / 6.9.17.2
Application IDs,59fe1486d27aa9d0,Electronic Arts Origin
Application IDs,9c7cc110ff56d1bd,Microsoft Office PowerPoint 2010 x86
Application IDs,c9950c443027c765,WinZip 9.0 SR-1 (6224) / 10.0 (6667)
Application IDs,fe5e840511621941,JetAudio 5.1.9.3018 Basic / 6.2.5.8220 Basic / 7.0.0 Basic / 8.0.16.2000 Basic
Application IDs,54c803dfc87b52ba,Nettalk 6.7.12
Application IDs,b3f13480c2785ae,Paint 6.1 (build 7601: SP1)
Application IDs,d78150e0484a4e1d,Evernote 5.9.6.9494
Application IDs,1cf97c38a5881255,MediaPortal 1.1.3
Application IDs,292a746334889a7e,SQLiteSpy 1.9.13
Application IDs,a5db18f617e28a51,ICQ 6.5 (Build 2024)
Application IDs,dd658a07478b46c2,PIRCH98 1.0.1.1190
Application IDs,4d7bdaea55ad352,PeaZip 6.0.0
Application IDs,46f433176bc0b3d2,WinRAR 5.30 beta 64-bit
Application IDs,a6744f520b56975c,SAPIEN SnippetEditor
Application IDs,2544ff74641b639d,WiseFTP 6.1.5
Application IDs,223bf0f360c6fea5,I2P 0.8.8 (restartable)
Application IDs,0006f647f9488d7a,AIM 7.5.11.9 (custom AppID + JL support)
Application IDs,b868d9201b866d96,Microsoft Lync 4.0.7577.0
Application IDs,b7cb1d1c1991accf,FlashFXP 4.0.0 (Build 1548)
Application IDs,e57cfc995bdc1d98,Snagit 11
Application IDs,14a989d191548bbc,Cyberlink PowerDVD16
Application IDs,469e4a7982cea4d4,Windows Wordpad
Application IDs,6da48f37c95d6e1,Google Chrome
Application IDs,74ea779831912e30,Skype 7.24.0.104
Application IDs,efb08d4e11e21ece,Paltalk Messenger 10.0 (Build 409)
Application IDs,9eff0b23d51fe003,XMind 201807140020
Application IDs,5da8f997fd5f9428,Internet Explorer x64
Application IDs,68a0dbfb7d0781d5,Corel Photo Paint Home
Application IDs,c343543d4ee31de7,Microsoft Access
Application IDs,4fc234e682fa0fff,Fineprint  pdfFactory
Application IDs,070b52cf73249257,Sococo 1.5.0.2274
Application IDs,5fd959f6fe6b8ae7,PuTTY 0.70 (x64)
Application IDs,d0261ed6e16b200b,News File Grabber 4.6.0.4
Application IDs,3f97341a65bac63a,Ozum 6.07 (Build 6070)
Application IDs,dfc4675a96730ede,Microsoft.WindowsFeedbackHub x64
Application IDs,2b53c4ddf69195fc,Zune x64
Application IDs,90e5e8b21d7e7924,Winamp 3.0d (Build 488)
Application IDs,6ded8e6daa05cb0c,Cyberlink PhotoDirector 8
Application IDs,7cb0735d45243070,CDisplay 1.8.1.0
Application IDs,386a2f6aa7967f36,EyeBrowse 2.7
Application IDs,ca1eb46544793057,RetroShare 0.5.2a (Build 4550)
Application IDs,2bcef060ace5a6db,NordVPN
Application IDs,ecd1a5e2c3af9c46,LibreOffice 5.1.0.3 Press
Application IDs,16ec093b8f51508f,Opera 8.54 build 7730 / 9.64 build 10487 / 11.50 build 1074
Application IDs,9303de56d0685af1,plist Editor Pro for Windows
Application IDs,58bee77c49899591,Apple iTunes 12xxx x64
Application IDs,2b164f512891ae37,NewsWolf NSListGen
Application IDs,e73d9f534ed5618a,BitSpirit 1.2.0.228 / 2.0 / 2.6.3.168 / 2.7.2.239 / 2.8.0.072 / 3.1.0.077 / 3.6.0.550
Application IDs,e4bd2558bfab368d,UltraDefrag 7.0.0
Application IDs,9d78513a8998829c,Microsoft Built-in Run Dialog (Win7 + Win10)
Application IDs,4aa2a5710da3efe0,DCSharpHub 2.0.0
Application IDs,60536f49b49e4689,Microsoft XmlNotepad 2007
Application IDs,770ecebb12dff1ca,Microsoft.Windows.CloudExperienceHost
Application IDs,dfe3790e91d3a22f,Tracker Software PDF-XChange Editor
Application IDs,59f56184c796cfd4,ACDSee Photo Manager 10 (Build 219)
Application IDs,fb1f39d1f230480a,Bopup Messenger 5.6.2.9178 (all languages: en;du;fr;ger;rus;es)
Application IDs,ecdd9154e84d5544,Wickr Top Secret Messenger Desktop 2.3.5
Application IDs,606a33f5a27b57d4,Microsoft Built-in Computer Management 10.0.10011.16384 (Win10)
Application IDs,a0d6b1b874c6e9d2,TOR Browser 6.0.2
Application IDs,b17d3d0c9ca7e29,Picasa 3.8.0 (Build 117.43, 0)
Application IDs,ff224628f0e8103c,Morpheus 3.0.3.6
Application IDs,9a3bdae86d5576ee,WinSCP 3.2.1 (Build 174) / 3.8.0 (Build 312)
Application IDs,2417caa1f2a881d4,ICQ 7.6 (Build 5617)
Application IDs,3198e37206f28dc7,CuteFTP 8.3 Professional (Build 8.3.4.0007)
Application IDs,fac3aa4105c6c466,Microsoft Built-in System Restore (Win7)
Application IDs,baacb5294867b833,Notepad++ 7.8.6
Application IDs,2d61cccb4338dfc8,BitTorrent 5.0.0 / 6.0.0 / 7.2.1 (Build 25548)
Application IDs,aa11f575087b3bdc,Unzbin 2.6.8
Application IDs,9645f58513b1a821,Windows Live Mail (wlmail.exe)
Application IDs,ef606b196796ebb,HP MediaSmart Photo
Application IDs,ac8920ed05001800,DMDirc 0.6.5 (Profile store: C:\Users\$user\AppData\Roaming\DMDirc\)
Application IDs,5c450709f7ae4396,Firefox 3.6.13 (32-bit)
Application IDs,226400522157fe8b,FileZilla Server 0.9.39 beta
Application IDs,a18df73203b0340e,Microsoft Word 2016
Application IDs,9ad84c52efeae190,1Password 4.6.0.604
Application IDs,ed7a5cc3cca8d52a,CCleaner 1.32.345 / 1.41.544 / 2.36.1233 / 3.10.1525
Application IDs,0b48ce76eda60b97,Shareaza 8.0.0.112300
Application IDs,a028c9db28aa15a3,Piriform Defraggler 2.20.989 64-bit
Application IDs,a3e0d98f5653b539,Instantbird 1.0 (20110623121653) (JL support)
Application IDs,603eaabe372fb7ee,CorelDraw 17
Application IDs,d41746b133d17456,Tkabber 0.11.1
Application IDs,40f2aca05d8a33f2,Minitab 16
Application IDs,d249d9ddd424b688,Google Chrome 81.0.4044.138
Application IDs,8de2636cecd37184,MusicBee
Application IDs,521a29e5d22c13b4,Skype 1.4.0.84 / 2.5.0.154 / 3.8.0.139 / 4.2.0.187 / Skype 5.3.0.120 / 5.5.0.115 / 5.5.32.117
Application IDs,31e8ac6b0784ed7d,Foxit Reader 9.4.0.16811
Application IDs,c997d2e1a0f0929,BCWipe 6.08.6
Application IDs,b3965c840bf28ef4,AIM 4.8.2616
Application IDs,1f1f846f76251ea8,Microsoft.Office.Desktop.Word_16xxx
Application IDs,6518d6ae55cb5b8e,CorelDraw Home 20
Application IDs,62bff50b969c2575,Quintessential Media Player 5.0 (Build 121)
Application IDs,f214ca2dd40c59c1,FrostWire 4.20.9
Application IDs,8c816c711d66a6b5,MSN Messenger 6.2.0137 / 7.0.0820
Application IDs,9fdb10e18cdd0101,Cisco AnyConnect Secure Mobility Client 3.1.02040
Application IDs,e9a39dfba105ea23,Faststone Image Viewer 4.6 / 5.5
Application IDs,4975d6798a8bdf66,7-Zip 4.65 / 9.20
Application IDs,ac3a63b839ac9d3a,Vuze 4.6.0.4
Application IDs,5e877db63dec2f8,JetBrains dotPeek
Application IDs,b0459de4674aab56,Windows Virtual PC - vmwindow.exe (32- and 64-bit)
Application IDs,98aaea517363a6fa,Microsoft.DiagnosticDataViewer
Application IDs,500b8c1d5302fc9c,Python (.pyw)
Application IDs,f2cb1c38ab948f58,X-Chat 1.8.10 / 2.6.9 / 2.8.9
Application IDs,a6d4dfec09c69409,Microsoft Word Viewer 11.8169.8172
Application IDs,bd6f833ece9f9890,Microsoft Sticky Notes
Application IDs,de76415e0060ce13,Noworyta News Reader 2.9
Application IDs,c01d68e40226892b,ClicksAndWhistles 2.7.146
Application IDs,624c8eb4922c2308,Modern CSV
Application IDs,a97085ebdc30067f,microsoft.windowscommunicationsapps
Application IDs,d38a3ea7ec79fbed,LibreOffice 5.1.0.3 Writer
Application IDs,16d71406474462b5,Snagit Editor 12.4.1
Application IDs,23f08dab0f6aaf30,SoMud 1.3.3
Application IDs,4d202cabc6786cf7,Opera Browser
Application IDs,435a2f986b404eb7,SmartFTP 4.0.1214.0 / 7.0.2200.0
Application IDs,5e852f5f576f812c,MiTec JSON Viewer (JSONView.exe)
Application IDs,6274ff22c2061c60,Google PhotoViewer (Picasa)
Application IDs,b2a0df3f22cec7e0,Microsoft.People_10
Application IDs,e1d47cb031dafb9f,BearShare 6.0.0.22717 / 8.1.0.70928 / 10.0.0.112380
Application IDs,de48a32edcbe79e4,Adobe Acrobat Reader DC 2015.010.20056
Application IDs,3ebcdfa8943cc8b8,SAPIEN SnippetEditor
Application IDs,550abc1cb58eb92c,VeraCrypt 1.16 64-bit
Application IDs,5a2098e080cf7ac4,OneDrive ?? (ClassicMru)
Application IDs,c91d08dcfc39a506,SM Player 0.6.9 r3447
Application IDs,fc999f29bc5c3560,Robo-FTP 3.7.9
Application IDs,6d2bac8f1edf6668,Microsoft Outlook 2016 64-bit
Application IDs,b91050d8b077a4e8,Windows Media Center x64
Application IDs,3d877ec11607fe4,Thunderbird 6.0.2
Application IDs,dd7c3b1adb1c168b,Microsoft Game Bar
Application IDs,f2a9149d1c88d093,Tor Browser (Firefox)
Application IDs,9560577fd87cf573,LeechFTP 1.3 (Build 207)
Application IDs,af0fdd562e3f275b,Snagit 2020
Application IDs,7010c278903c2b0f,Adobe Acrobat XI Pro 32-bit
Application IDs,5b7f3287093c1623,Total Commander 8.52a 64-bit
Application IDs,7b4d500e147e4391,Tor Browser 8.0.4 (x64)
Application IDs,2ca2a1a69dc5465f,UltraVNC 1.2.1.0 Server Property Page
Application IDs,959668a81d4f220e,Sublime Text 3.2.1 (Build 3207)
Application IDs,28493d9d08e13aa6,UltraVNC Viewer 1.2.1.0
Application IDs,cca6383a507bac64,Gadu-Gadu 10.5.2.13164
Application IDs,caea34d2e74f5c8,uTorrent 3.4.7
Application IDs,89b0d939f117f75c,Adobe Acrobat 9 Pro Extended (32-bit)
Application IDs,888f2fa044591eda,Twitter - Trusted Microsoft Store App (Win10)
Application IDs,96252daff039437a,Lphant 7.0.0.112351
Application IDs,ca942805559495e9,aMSN 0.98.4
Application IDs,f09b920bfb781142,Camfrog 4.0.47 / 5.5.0 / 6.1 (build 146) (JL support)
Application IDs,6a316aa67a46820b,Core FTP LE 1.3c (Build 1437) / 2.2 (Build 1689)
Application IDs,9f03ae476ad461fa,GroupsAloud 1.0
Application IDs,9d1f905ce5044aee,Edge Browser
Application IDs,669967f27afdebec,NirSoft PstPassword 1.20 (x86)
Application IDs,777483d3cdac1727,Gajim 0.14.4
Application IDs,352fd027c0e8f0e5,Zoom
Application IDs,353e9052cccbec5d,Kindle for PC 1.21.0
Application IDs,20513cdf29d09c0e,Hex Editor Neo
Application IDs,73ce3745a843c0a4,FrostWire 5.1.4
Application IDs,93b18adf1d948fa3,qutIM 0.2
Application IDs,e42a8e0f4d9b8dcf,Sysax FTP Automation 5.15
Application IDs,573770283dc3d854,Windows Defender
Application IDs,6bb98fb8cdc26d69,Calculator (Windows built-in)
Application IDs,a55ed4fbb973aefb,Microsoft Teams
Application IDs,930cf1dd2266e2cb,DB Browser for SQLite
Application IDs,a746f9625f7695e8,HeXHub 5.07
Application IDs,f8f05350c84c9d76,Mozilla Thunderbird
Application IDs,dee18f19c7e3a2ec,PopNote 5.21
Application IDs,d992bcc31b3e5727,Opera Browser
Application IDs,db3b8d985f0668e,FreeFileSync 10.7
Application IDs,c2d349a0e756411b,Adobe Reader 8.1.2
Application IDs,454ef7dca3bb16b2,Exodus 0.10.0.0
Application IDs,ace8715529916d31,40tude Dialog 2.0.15.1 (Beta 38)
Application IDs,37392221756de927,RealPlayer SP 12
Application IDs,1ab724316049531,NordVPN
Application IDs,3e9850346f375d41,Foxit Phantom PDF 7.2.2.929
Application IDs,177aeb41deb606ae,Adobe Photoshop CS6 (64 Bit)
Application IDs,7b2b4f995b54387d,News Reactor 20100224.16
Application IDs,f001ea668c0aa916,Cabos 0.8.2
Application IDs,e93dbdcede8623f2,Pandion 2.6.106
Application IDs,3a5148bf2288a434,Secure FTP 2.6.1 (Build 20101209.1254)
Application IDs,cfab0ec14b6f953,Express NewsPictures 2.41 (Build 08.05.07.0)
Application IDs,9e0b3f677a26bbc4,BitKinex 3.2.3
Application IDs,689319b6547cda85,emesene 2.11.7
Application IDs,0a79a7ce3c45d781,CuteFTP 7.1 (Build 06.06.2005.1)
Application IDs,c845f3a6022d647c,Another File 2.03 (Build 2/7/2004)
Application IDs,b48ce76eda60b97,Shareaza 8.0.0.112300
Application IDs,a2b95ca27b6c33d9,Windows Live Photo Gallery
Application IDs,9dacebaa9ac8ca4e,TLNews Newsreader 2.2.0 (Build 2430)
Application IDs,ff99ba2fb2e34b73,Windows Calculator
Application IDs,83dd64e7fa560bd5,LibreOffice 5.1.0.3 Calc
Application IDs,00098b0ef1c84088,fulDC 6.78
Application IDs,6e9d40a4c63bb562,Real Player Alternative 1.25 (Media Player Classic 6.4.8.2 / 6.4.9.0)
Application IDs,3643905fceab2635,Cyberlink PowerDVD 16
Application IDs,49b5edbd92d8cd58,FTP Commander 8.02
Application IDs,ad57bd0f4825cce,WinRAR 6.01 Russian 64 bit
Application IDs,53f58609d680cdbc,Isobuster
Application IDs,8bce06a9e923e1f9,Slack 4.10.3
Application IDs,c54b96f328bdc28d,WiseFTP 7.3.0
Application IDs,a7ba40025dac9a67,Microsoft Office Hub
Application IDs,ea5af8ce5aeb5617,Notepad++
Application IDs,954ea5f70258b502,Windows Script Host - wscript.exe (32-bit)
Application IDs,dc64de6c91c18300,Brosix Communicator 3.1.3 (Build 110719 nid 1)
Application IDs,8fb5ce5e2b049ce,Windows Defender (Win10 built-in)
Application IDs,d838aac097abece7,ACDSee Photo Manager 12 (Build 344)
Application IDs,5d696d521de238c3,Google Chrome 9.0.597.84 / 12.0.742.100 / 13.0.785.215 / 48.0.2564.116
Application IDs,3c3871276e149215,PowerShell 7
Application IDs,3476342aab319002,Mozilla Firefox
Application IDs,4e538fde985a3c01,Torch Browser 65.0.0.1614 (x86)
Application IDs,a712c324879904b1,Malwarebytes (assistant.exe)
Application IDs,bfe841f4d35c92b1,QuadSucker/News 5.0
Application IDs,6bc3383cb68a3e37,iTunes 7.6.0.29 / 8.0.0.35
Application IDs,1a89d1befe8e90e3,Adobe Acrobat Distiller Pro XI 32-bit 11.0.0779
Application IDs,8f852307189803b8,Far Manager 2.0.1807
Application IDs,cf6379a9a987366e,Digibin 1.31
Application IDs,49db7ed4f2703c22,LogMeIn Client 1.3.1835
Application IDs,7111c0ce965b7246,Battle.net
Application IDs,4dde7d7a7dfc5f29,VSCodium
Application IDs,a31ec95fdd5f350f,BitComet 0.49 / 0.59 / 0.69 / 0.79 / 0.89 / 0.99 / 1.07 / 1.28
Application IDs,19ccee0274976da8,mIRC 4.72 / 5.61
Application IDs,b50f4a1d866b4b05,Microsoft.Office.Word 16xxx x64
Application IDs,2437d4d14b056114,EiskaltDC++ 2.2.3
Application IDs,ccba5a5986c77e43,Microsoft Edge (Chromium)
Application IDs,9077b9c9cf187cc2,KeePass 1.36
Application IDs,e353de90c46ecf50,Hex-Rays IDA Pro
Application IDs,ee462c3b81abb6f6,Adobe Reader X 10.1.0
Application IDs,c08dde8c94c16b10,Cyberlink PowerDVD 18
Application IDs,acb8cd11364e2de8,VisualStudio
Application IDs,cb5250eaef7e3213,ApexDC++ 1.4.3.957
Application IDs,c99ddde925d26df3,Robo-FTP 3.7.9 CronMaker
Application IDs,8b87640a40ec9fc,Snagit 2020
Application IDs,b6267f3fcb700b60,WiseFTP 4.1.0
Application IDs,e0f7a40340179171,imule 1.4.5 (rev. 749)
Application IDs,d3c5cf21e86b28af,SeaMonkey 2.3.3
Application IDs,4b6925efc53a3c08,BCWipe Task Manager 3.02.3 / 3.06.5.5
Application IDs,5ea2a50c7979fbdc,TrustyFiles 3.1.0.22
Application IDs,faef7def55a1d4b,VLC 2.2.6
Application IDs,c1eece5026414c64,Recuva 1.52.1086 (64-bit)
Application IDs,7c2916afd6f116a6,LibreOffice 5.1.0.3 Base
Application IDs,6a8b377d0f5cb666,WinSCP 2.3.0 (Build 146)
Application IDs,c765823d986857ba,Adobe Illustrator CS5 (32-bit)
Application IDs,8628e76fd9020e81,Fling File Transfer Plus 2.24
Application IDs,776beb1fcfc6dfa5,Thunderbird 1.0.6 (20050716) / 3.0.2
Application IDs,7a8db574299c8568,Windows Movie Maker 2012 (build 16.4.3528.0331)
Application IDs,e6ea77a1d4553872,Gnucleus 1.8.6.0
Application IDs,a850d8ed37504c7c,Microsoft.Windows.Cortana
Application IDs,f0468ce1ae57883d,Adobe Reader 7.1.0
Application IDs,9a165f62edbfa161,Microsoft Store
Application IDs,3fcb7925be48c6d4,JSONBuddyApp
Application IDs,18fa158a64c9508a,Mozilla Firefox x32
Application IDs,ba132e702c0147ef,KCeasy 0.19-rc1
Application IDs,76689ff502a1fd9e,Imagine Image and Animation Viewer 1.0.7
Application IDs,ba3a45f7fd2583e1,Blubster 3.1.1
Application IDs,9749cea96d411f37,HexChat 2.10.2 64-bit
Application IDs,7526de4a8b5914d9,Forte Agent 6.00 (Build 32.1186)
Application IDs,315e29a36e961336,Roboform 7.8
Application IDs,6fac1b1908485d3,Windows Font Viewer
Application IDs,31db872855923268,Microsoft Orca
Application IDs,42f16a31d9a2ec4,Microsoft Support Diagnostic Tool
Application IDs,e4ea035065b5789a,HxD 2.5
Application IDs,930cf1dd2266e2cb,DB Browser for SQLite 3.12.2
Application IDs,78aa210563284496,Windows Performance Analyzer 11.1.5.2
Application IDs,a48aff51c30d699a,qBittorrent 4.5.4 (64-bit)
Application IDs,f065ac336abcaa3e,Adobe Acrobat Reader DC (64-bit)
Application IDs,ace2e449a5dfce37,Windows Update Standalone Installer
Application IDs,db37f98b03e7cdde,WinMerge 2.16.30
Application IDs,7b8d39bd536c7feb,Microsoft XML Notepad
Application IDs,6f39a16f693777f6,Microsoft Paint 3D
Application IDs,82de7b745170a7a7,Microsoft App Installer
Application IDs,12dc1ea8e34b5a6,Microsoft Paint 6.1
Application IDs,17d3eb086439f0d7,TrueCrypt 7.0a
Application IDs,18434d518c3a61eb,Minitab 17
Application IDs,1b4dd67f29cb1962,Windows Explorer Pinned and Recent.
Application IDs,1bc392b8e104a00e,Remote Desktop
Application IDs,23646679aaccfae0,Adobe Reader 9.
Application IDs,23646679aaccfae0,Adobe Reader 9 x64
Application IDs,26717493b25aa6e1,Adobe Dreamweaver CS5 (32-bit)
Application IDs,271e609288e1210a,Microsoft Office Access 2010 x86
Application IDs,28c8b86deab549a1,Internet Explorer 8 / 9 / 10 (32-bit)
Application IDs,290532160612e071,WinRar x64
Application IDs,2b53c4ddf69195fc,Zune x64
Application IDs,3094cdb43bf5e9c2,Microsoft Office OneNote 2010 x86
Application IDs,315e29a36e961336,Roboform 7.8
Application IDs,40f2aca05d8a33f2,Minitab 16
Application IDs,431a5b43435cc60b,Python (.pyc)
Application IDs,43578521d78096c6,Windows Media Player Classic Home Cinema 1.3 (32-bit)
Application IDs,44a3621b32122d64,Microsoft Office Word 2010 x64
Application IDs,44a398496acc926d,Adobe Premiere Pro CS5 (64-bit)
Application IDs,469e4a7982cea4d4,? (.job)
Application IDs,469e4a7982cea4d4,Windows Wordpad
Application IDs,500b8c1d5302fc9c,Python (.pyw)
Application IDs,50620fe75ee0093,VMware Player 3.1.4
Application IDs,550abc1cb58eb92c,VeraCrypt 1.16 / 1.19 64-bit
Application IDs,590aee7bdd69b59b,Powershell Windows 10
Application IDs,5c450709f7ae4396,Firefox 3.6.13 (32-bit)
Application IDs,5d6f13ed567aa2da,Microsoft Office Outlook 2010 x64
Application IDs,5da8f997fd5f9428,Internet Explorer x64
Application IDs,5f6e7bc0fb699772,Microsoft Office PowerPoint 2010 x64
Application IDs,65009083bfa6a094,(app launched via XPMode)
Application IDs,6728dd69a3088f97,Windows Command Processor - cmd.exe (64-bit)
Application IDs,6d2bac8f1edf6668,Microsoft Office Outlook 365
Application IDs,6e855c85de07bc6a,Microsoft Office Excel 2010 x64
Application IDs,74d7f43c1561fc1e,Windows Media Player 12 (32-bit)
Application IDs,7e4dca80246863e3,Control Panel (?)
Application IDs,83b03b46dcd30a0e,iTunes 10
Application IDs,84f066768a22cc4f,Adobe Photoshop CS5 (64-bit)
Application IDs,89b0d939f117f75c,Adobe Acrobat 9 Pro Extended (32-bit)
Application IDs,8eafbd04ec8631ce,VMware Workstation 9 x64
Application IDs,918e0ecb43d17e23,Notepad (32-bit)
Application IDs,954ea5f70258b502,Windows Script Host - wscript.exe (32-bit)
Application IDs,9839aec31243a928,Microsoft Office Excel 2010 x86
Application IDs,9b9cdc69c1c24e2b,Notepad (64-bit)
Application IDs,9c7cc110ff56d1bd,Microsoft Office PowerPoint 2010 x86
Application IDs,9f5c7755804b850a,Windows Script Host - wscript.exe (64-bit)
Application IDs,a18df73203b0340e,Microsoft Word 2016
Application IDs,a4a5324453625195,Microsoft Office Word 2013 x86
Application IDs,a7bd71699cd38d1c,Microsoft Office Word 2010 x86
Application IDs,a8c43ef36da523b1,Microsoft Office Word 2003 Pinned and Recent.
Application IDs,adecfb853d77462a,Microsoft Office Word 2007 Pinned and Recent.
Application IDs,b0459de4674aab56,(.vmcx)
Application IDs,b0459de4674aab56,Windows Virtual PC - vmwindow.exe (32- and 64-bit)
Application IDs,b74736c2bd8cc8a5,WinZip
Application IDs,b8ab77100df80ab2,Microsoft Office Excel x64
Application IDs,b8c29862d9f95832,Microsoft Office InfoPath 2010 x86
Application IDs,b91050d8b077a4e8,Windows Media Center x64
Application IDs,bc03160ee1a59fc1,Foxit PDF Reader 5.4.5
Application IDs,be71009ff8bb02a2,Microsoft Office Outlook x86
Application IDs,c71ef2c372d322d7,PGP Desktop 10
Application IDs,c765823d986857ba,Adobe Illustrator CS5 (32-bit)
Application IDs,c7a4093872176c74,Paint Shop Pro Pinned and Recent.
Application IDs,cdf30b95c55fd785,Microsoft Office Excel 2007
Application IDs,d00655d2aa12ff6d,Microsoft Office PowerPoint x64
Application IDs,d38adec6953449ba,Microsoft Office OneNote 2010 x64
Application IDs,d4a589cab4f573f7,Microsoft Project 2010 x86
Application IDs,d5c3931caad5f793,Adobe Soundbooth CS5 (32-bit)
Application IDs,d64d36b238c843a3,Microsoft Office InfoPath 2010 x86
Application IDs,d7528034b5bd6f28,Windows Live Mail Pinned and Recent.
Application IDs,e2a593822e01aed3,Adobe Flash CS5 (32-bit)
Application IDs,e36bfc8972e5ab1d,XPS Viewer
Application IDs,e70d383b15687e37,Notepad++ 5.6.8 (32-bit)
Application IDs,f01b4d95cf55d32a,Windows Explorer Windows 8.1.
Application IDs,f0275e8685d95486,Microsoft Office Excel 2013 x86
Application IDs,f5ac5390b9115fdb,Microsoft Office PowerPoint 2007
Application IDs,fb3b0dbfee58fac8,Microsoft Office Word 365 x86
File Sharing/P2P,135df2a440abe9bb,SoulSeek 156c
File Sharing/P2P,1434d6d62d64857d,BitLord 1.2.0-66
File Sharing/P2P,223bf0f360c6fea5,I2P 0.8.8 (restartable)
File Sharing/P2P,23f08dab0f6aaf30,SoMud 1.3.3
File Sharing/P2P,2437d4d14b056114,EiskaltDC++ 2.2.3
File Sharing/P2P,2d61cccb4338dfc8,BitTorrent 5.0.0 / 6.0.0 / 7.2.1 (Build 25548)
File Sharing/P2P,2db8e25112ab4453,Deluge 1.3.3
File Sharing/P2P,2ff9dc8fb7e11f39,I2P 0.8.8 (no window)
File Sharing/P2P,3cf13d83b0bd3867,RevConnect 0.674p (based on DC++)
File Sharing/P2P,490c000889535727,WinMX 4.9.3.0
File Sharing/P2P,4a7e4f6a181d3d08,broolzShare
File Sharing/P2P,4aa2a5710da3efe0,DCSharpHub 2.0.0
File Sharing/P2P,4dd48f858b1a6ba7,Free Download Manager 3.0 (Build 852)
File Sharing/P2P,558c5bd9f906860a,BearShare Lite 5.2.5.1
File Sharing/P2P,560d789a6a42ad5a,DC++ 0.261 / 0.698 / 0.782 (r2402.1)
File Sharing/P2P,5b186fc4a0b40504,Dtella 1.2.5 (Purdue network only)
File Sharing/P2P,5d7b4175afdcc260,Shareaza 2.0.0.0
File Sharing/P2P,5e01ecaf82f7d8e,Scour Exchange 0.0.0.228
File Sharing/P2P,5ea2a50c7979fbdc,TrustyFiles 3.1.0.22
File Sharing/P2P,73ce3745a843c0a4,FrostWire 5.1.4
File Sharing/P2P,76f6f1bd18c19698,aMule 2.2.6
File Sharing/P2P,784182360de0c5b6,Kazaa Lite 1.7.1
File Sharing/P2P,792699a1373f1386,Piolet 3.1.1
File Sharing/P2P,7b7f65aaeca20a8c,Dropbox App 5.4.24
File Sharing/P2P,96252daff039437a,Lphant 7.0.0.112351
File Sharing/P2P,977a5d147aa093f4,Lphant 3.51
File Sharing/P2P,98b0ef1c84088,fulDC 6.78
File Sharing/P2P,99c15cf3e6d52b61,mldonkey 3.1.0
File Sharing/P2P,9ad1ec169bf2da7f,FlylinkDC++ r405 (Build 7358)
File Sharing/P2P,a31ec95fdd5f350f,BitComet 0.49 / 0.59 / 0.69 / 0.79 / 0.89 / 0.99 / 1.07 / 1.28
File Sharing/P2P,a746f9625f7695e8,HeXHub 5.07
File Sharing/P2P,a75b276f6e72cf2a,Kazaa Lite Tools K++ 2.7.0
File Sharing/P2P,a75b276f6e72cf2a,WinMX 3.53
File Sharing/P2P,a8df13a46d66f6b5,Kommute (Calypso) 0.24
File Sharing/P2P,ac3a63b839ac9d3a,Vuze 4.6.0.4
File Sharing/P2P,accca100973ef8dc,Azureus 2.0.8.4
File Sharing/P2P,b3016b8da2077262,eMule 0.50a
File Sharing/P2P,b48ce76eda60b97,Shareaza 8.0.0.112300
File Sharing/P2P,ba132e702c0147ef,KCeasy 0.19-rc1
File Sharing/P2P,ba3a45f7fd2583e1,Blubster 3.1.1
File Sharing/P2P,bcd7ba75303acbcf,BitLord 1.1
File Sharing/P2P,bfc1d76f16fa778f,Ares (Galaxy) 1.8.4 / 1.9.8 / 2.1.0 / 2.1.7.3041
File Sharing/P2P,c5ef839d8d1c76f4,LimeWire 5.2.13
File Sharing/P2P,c8e4c10e5460b00c,iMesh 6.5.0.16898
File Sharing/P2P,c9374251edb4c1a8,BitTornado T-0.3.17
File Sharing/P2P,ca1eb46544793057,RetroShare 0.5.2a (Build 4550)
File Sharing/P2P,caea34d2e74f5c8,uTorrent 3.4.7
File Sharing/P2P,cb5250eaef7e3213,ApexDC++ 1.4.3.957
File Sharing/P2P,cbbe886eca4bfc2d,ExoSee 1.0.0
File Sharing/P2P,cc4b36fbfb69a757,gtk-gnutella 0.97
File Sharing/P2P,ccb36ff8a8c03b4b,Azureus 2.5.0.4 / Vuze 3.0.5.0
File Sharing/P2P,cd8cafb0fb6afdab,uTorrent 1.7.7 (Build 8179) / 1.8.5 / 2.0 / 2.21 (Build 25113) / 3.0 (Build 25583)
File Sharing/P2P,d460280b17628695,Java Binary
File Sharing/P2P,e0f7a40340179171,imule 1.4.5 (rev. 749)
File Sharing/P2P,e1d47cb031dafb9f,BearShare 6.0.0.22717 / 8.1.0.70928 / 10.0.0.112380
File Sharing/P2P,e6ea77a1d4553872,Gnucleus 1.8.6.0
File Sharing/P2P,e73d9f534ed5618a,BitSpirit 1.2.0.228 / 2.0 / 2.6.3.168 / 2.7.2.239 / 2.8.0.072 / 3.1.0.077 / 3.6.0.550
File Sharing/P2P,e76a4ef13fbf2bb1,Manolito 3.1.1
File Sharing/P2P,ecd21b58c2f65a2f,StealthNet 0.8.7.9
File Sharing/P2P,ed49e1e6ccdba2f5,GNUnet 0.8.1a
File Sharing/P2P,f001ea668c0aa916,Cabos 0.8.2
File Sharing/P2P,f1a4c04eebef2906,[i2p] Robert 0.0.29 Preferences
File Sharing/P2P,f214ca2dd40c59c1,FrostWire 4.20.9
File Sharing/P2P,f61b65550a84027e,iMesh 11.0.0.112351
File Sharing/P2P,ff224628f0e8103c,Morpheus 3.0.3.6
FTP,10f5a20c21466e85,FTP Voyager 15.2.0.17
FTP,20ef367747c22564,Bullet Proof FTP 2010.75.0.75
FTP,226400522157fe8b,FileZilla Server 0.9.39 beta
FTP,2544ff74641b639d,WiseFTP 6.1.5
FTP,27da120d7e75cf1f,pbFTPClient 6.1
FTP,3198e37206f28dc7,CuteFTP 8.3 Professional (Build 8.3.4.0007)
FTP,3a5148bf2288a434,Secure FTP 2.6.1 (Build 20101209.1254)
FTP,435a2f986b404eb7,SmartFTP 4.0.1214.0
FTP,44a50e6c87bc012,Classic FTP Plus 2.15
FTP,49b5edbd92d8cd58,FTP Commander 8.02
FTP,4b632cf2ceceac35,Robo-FTP Server 3.2.5
FTP,4cdf7858c6673f4b,Bullet Proof FTP 1.26
FTP,4fceec8e021ac978,CoffeeCup Free FTP 3.5.0.0
FTP,59e86071b87ac1c3,CuteFTP 8.3 (Build 8.3.4.0007)
FTP,6a316aa67a46820b,Core FTP LE 1.3c (Build 1437) / 2.2 (Build 1689)
FTP,6a8b377d0f5cb666,WinSCP 2.3.0 (Build 146)
FTP,6bb54d82fa42128d,WinSCP 4.3.4 (Build 1428)
FTP,714b179e552596df,Bullet Proof FTP 2.4.0 (Build 31)
FTP,7904145af324576e,Total Commander 7.56a (Build 16.12.2010)
FTP,79370f660ab51725,UploadFTP 2.0.1.0
FTP,7937df3c65790919,FTP Explorer 10.5.19 (Build 001)
FTP,8628e76fd9020e81,Fling File Transfer Plus 2.24
FTP,8deb27dfa31c5c2a,CoffeeCup Free FTP 4.4 (Build 1904)
FTP,8f852307189803b8,Far Manager 2.0.1807
FTP,9560577fd87cf573,LeechFTP 1.3 (Build 207)
FTP,9a3bdae86d5576ee,WinSCP 3.2.1 (Build 174) / 3.8.0 (Build 312)
FTP,9e0b3f677a26bbc4,BitKinex 3.2.3
FTP,a1d19afe5a80f80,FileZilla 2.2.32
FTP,a581b8002a6eb671,WiseFTP 5.5.9
FTP,a79a7ce3c45d781,CuteFTP 7.1 (Build 06.06.2005.1)
FTP,b6267f3fcb700b60,WiseFTP 4.1.0
FTP,b7cb1d1c1991accf,FlashFXP 4.0.0 (Build 1548)
FTP,b8c13a5dd8c455a2,Titan FTP Server 8.40 (Build 1338)
FTP,be4875bb3e0c158f,CrossFTP 1.75a
FTP,c04f69101c131440,CuteFTP 5.0 (Build 50.6.10.2)
FTP,c54b96f328bdc28d,WiseFTP 7.3.0
FTP,c99ddde925d26df3,Robo-FTP 3.7.9 CronMaker
FTP,cd2acd4089508507,AbsoluteTelnet 9.18 Lite
FTP,d28ee773b2cea9b2,3D-FTP 9.0 build 7
FTP,d8081f151f4bd8a5,CuteFTP 8.3 Lite (Build 8.3.4.0007)
FTP,e107946bb682ce47,FileZilla 3.5.1
FTP,e42a8e0f4d9b8dcf,Sysax FTP Automation 5.15
FTP,e6ef42224b845020,ALFTP 5.20.0.4
FTP,explorer integrated,Swish
FTP,f64de962764b9b0f,FTPRush 1.1.3 / 2.15
FTP,f82607a219af2999,Cyberduck 4.1.2 (Build 8999)
FTP,f91fd0c57c4fe449,ExpanDrive 2.1.0
FTP,fa7144034d7d083d,Directory Opus 10.0.2.0.4269 (JL tasks supported)
FTP,fc999f29bc5c3560,Robo-FTP 3.7.9
IM/Communications,1a60b1067913516a,Psi 0.14
IM/Communications,1b29f0dc90366bb,AIM 5.9.3857
IM/Communications,22cefa022402327d,Meca Messenger 5.3.0.52
IM/Communications,2417caa1f2a881d4,ICQ 7.6 (Build 5617)
IM/Communications,27ececd8d89b6767,AIM 6.2.14.2 / 6.5.3.12 / 6.9.17.2
IM/Communications,2aa756186e21b320,RealTimeQuery 3.2
IM/Communications,2d1658d5dc3cbe2d,MySpaceIM 1.0.823.0 Beta
IM/Communications,30d23723bdd5d908,Digsby (Build 30140) (JL support)
IM/Communications,3461e4d1eb393c9c,WTW 0.8.18.2852 / 0.8.19.2940
IM/Communications,36c36598b08891bf,Vovox 2.5.3.4250
IM/Communications,3c0022d9de573095,QuteCom 2.2
IM/Communications,3f2cd46691bbee90,GOIM 1.1.0
IM/Communications,4278d3dc044fc88a,Gaim 1.5.0
IM/Communications,454ef7dca3bb16b2,Exodus 0.10.0.0
IM/Communications,4e0ac37db19cba15,Xfire 1.138 (Build 44507)
IM/Communications,4f24a7b84a7de5a6,Palringo 2.6.3 (r45983)
IM/Communications,521a29e5d22c13b4,Skype 1.4.0.84 / 2.5.0.154 / 3.8.0.139 / 4.2.0.187 / Skype 5.3.0.120 / 5.5.0.115 / 5.5.32.117
IM/Communications,6059df4b02360af,Kadu 0.10.0 / 0.6.5.5
IM/Communications,62dba7fb39bb0adc,Yahoo Messenger 7.5.0.647 / 8.1.0.421 / 9.0.0.2162 / 10.0.0.1270
IM/Communications,689319b6547cda85,emesene 2.11.7
IM/Communications,6aa18a60024620ae,GCN 2.9.1
IM/Communications,6f647f9488d7a,AIM 7.5.11.9 (custom AppID + JL support)
IM/Communications,70b52cf73249257,Sococo 1.5.0.2274
IM/Communications,728008617bc3e34b,eM Client 3.0.10206.0
IM/Communications,73c6a317412687c2,Google Talk 1.0.0.104
IM/Communications,74ea779831912e30,Skype 7.24.0.104
IM/Communications,777483d3cdac1727,Gajim 0.14.4
IM/Communications,86b804f7a28a3c17,Miranda IM 0.6.8 / 0.7.6 / 0.8.27 / 0.9.9 / 0.9.29 (ANSI + Unicode)
IM/Communications,884fd37e05659f3a,VZOchat 6.3.5
IM/Communications,8c816c711d66a6b5,MSN Messenger 6.2.0137 / 7.0.0820
IM/Communications,93b18adf1d948fa3,qutIM 0.2
IM/Communications,989d7545c2b2e7b2,IMVU 465.8.0.0
IM/Communications,a3e0d98f5653b539,Instantbird 1.0 (20110623121653) (JL support)
IM/Communications,a52b0784bd667468,Photos Microsoft 16.526.11220.0 (Windows 10)
IM/Communications,a5db18f617e28a51,ICQ 6.5 (Build 2024)
IM/Communications,aedd2de3901a77f4,Pidgin 2.0.0 / 2.10.0 / 2.7.3
IM/Communications,b0236d03c0627ac4,ICQ 5.1 / ICQLite Build 1068
IM/Communications,b06a975b62567622,Windows Live Messenger 8.5.1235.0517 BETA
IM/Communications,b3965c840bf28ef4,AIM 4.8.2616
IM/Communications,b868d9201b866d96,Microsoft Lync 4.0.7577.0
IM/Communications,bcc705f705d8132b,Instan-t 5.2 (Build 2824)
IM/Communications,bd249197a6faeff2,Windows Live Messenger 2011
IM/Communications,bf9ae1f46bd9c491,Nimbuzz 2.0.0 (rev 6266)
IM/Communications,c312e260e424ae76,Mail.Ru Agent 5.8 (JL support)
IM/Communications,c5236fd5824c9545,PLAYXPERT 1.0.140.2822
IM/Communications,c6f7b5bf1b9675e4,BitWise IM 1.7.3a
IM/Communications,c8aa3eaee3d4343d,Trillian 0.74 / 3.1 / 4.2.0.25 / 5.0.0.35 (JL support)
IM/Communications,ca942805559495e9,aMSN 0.98.4
IM/Communications,cca6383a507bac64,Gadu-Gadu 10.5.2.13164
IM/Communications,d41746b133d17456,Tkabber 0.11.1
IM/Communications,d7d647c92cd5d1e6,uTalk 2.6.4 r47692
IM/Communications,da7e8de5b8273a0f,Yahoo Messenger 5.0.0.1226 / 6.0.0.1922
IM/Communications,dc64de6c91c18300,Brosix Communicator 3.1.3 (Build 110719 nid 1)
IM/Communications,dee18f19c7e3a2ec,PopNote 5.21
IM/Communications,e0246018261a9ccc,qutIM 0.2.80.0
IM/Communications,e0532b20aa26a0c9,QQ International 1.1 (2042)
IM/Communications,e93dbdcede8623f2,Pandion 2.6.106
IM/Communications,ebd8c95d87f25154,Carrier 2.5.5
IM/Communications,efb08d4e11e21ece,Paltalk Messenger 10.0 (Build 409)
IM/Communications,f09b920bfb781142,Camfrog 4.0.47 / 5.5.0 / 6.1 (build 146) (JL support)
IM/Communications,f2cb1c38ab948f58,X-Chat 1.8.10 / 2.6.9 / 2.8.9
IM/Communications,fb1f39d1f230480a,Bopup Messenger 5.6.2.9178 (all languages: en;du;fr;ger;rus;es)
IM/Communications,fb230a9fe81e71a8,Yahoo Messenger 11.0.0.2014-us
IM/Communications,fb7ca8059b8f2123,ooVoo 3.0.7.21
Image/Document Viewers,1110d9896dceddb3,imgSeek 0.8.5
Image/Document Viewers,169b3be0bc43d592,FastPictureViewer Professional 1.6 (Build 211)
Image/Document Viewers,23646679aaccfae0,Adobe Acrobat 9.4.0
Image/Document Viewers,2519133d6d830f7e,IMatch 3.6.0.113
Image/Document Viewers,2fa14c7753239e4c,Paint.NET 2.72 / 3.5.8.4081.24580
Image/Document Viewers,3594aab44bca414b,Windows Photo Viewer
Image/Document Viewers,386a2f6aa7967f36,EyeBrowse 2.7
Image/Document Viewers,3917dd550d7df9a8,Konvertor 4.06 (Build 10)
Image/Document Viewers,3edf100b207e2199,digiKam 1.7.0 (KDE 4.4.4)
Image/Document Viewers,497b42680f564128,Zoner PhotoStudio 13 (Build 7)
Image/Document Viewers,59f56184c796cfd4,ACDSee Photo Manager 10 (Build 219)
Image/Document Viewers,76689ff502a1fd9e,Imagine Image and Animation Viewer 1.0.7
Image/Document Viewers,7cb0735d45243070,CDisplay 1.8.1.0
Image/Document Viewers,8bd5c6433ca967e9,ACDSee Photo Manager 2009 (v11.0 Build 113)
Image/Document Viewers,b17d3d0c9ca7e29,"Picasa 3.8.0 (Build 117.43, 0)"
Image/Document Viewers,b39c5f226977725d,ACDSee Pro 8.1.99
Image/Document Viewers,b3f13480c2785ae,Paint 6.1 (build 7601: SP1)
Image/Document Viewers,c2d349a0e756411b,Adobe Reader 8.1.2
Image/Document Viewers,c5c24a503b1727df,XnView 1.98.2 Small / 1.98.2 Standard
Image/Document Viewers,c634153e7f5fce9c,IrfanView 3.10 / 4.30
Image/Document Viewers,d33ecf70f0b74a77,"Picasa 2.2.0 (Build 28.08, 0)"
Image/Document Viewers,d838aac097abece7,ACDSee Photo Manager 12 (Build 344)
Image/Document Viewers,de48a32edcbe79e4,Acrobat Reader 15.x
Image/Document Viewers,e31a6a8a7506f733,Image AXS Pro 4.1
Image/Document Viewers,e9a39dfba105ea23,FastStone Image Viewer 4.6
Image/Document Viewers,ea83017cdd24374d,IrfanView Thumbnails
Image/Document Viewers,edc786643819316c,HoneyView3 #5834
Image/Document Viewers,ee462c3b81abb6f6,Adobe Reader X 10.1.0
Image/Document Viewers,ef606b196796ebb,HP MediaSmart Photo
Image/Document Viewers,f0468ce1ae57883d,Adobe Reader 7.1.0
Internet Browsers,1461132e553e2e6c,Firefox 6.0
Internet Browsers,16ec093b8f51508f,Opera 8.54 build 7730 / 9.64 build 10487 / 11.50 build 1074
Internet Browsers,1da3c90a72bf5527,Safari 4.0.5 (531.22.7) / 5.1 (7534.50)
Internet Browsers,1eb796d87c32eff9,Firefox 5.0
Internet Browsers,28c8b86deab549a1,Internet Explorer 8 / 9
Internet Browsers,5c450709f7ae4396,Firefox 1.0 / 2.0 / 3.0
Internet Browsers,5d696d521de238c3,Chrome 9.0.597.84 / 12.0.742.100 / 13.0.785.215 / 26
Internet Browsers,5df4765359170e26,Firefox 4.0.1
Internet Browsers,8a1c1c7c389a5320,Safari 3.2.3 (525.29)
Internet Browsers,9d1f905ce5044aee,Edge Browser
Internet Browsers,a0d6b1b874c6e9d2,TOR Browser 6.0.2
Internet Browsers,cfb56c56fa0f0a54,Mozilla 0.9.9
IRC,19ccee0274976da8,mIRC 4.72 / 5.61
IRC,2a5a615382a84729,X-Chat 2 2.8.6-2
IRC,54c803dfc87b52ba,Nettalk 6.7.12
IRC,65f7dd884b016ab2,LimeChat 2.39
IRC,6b3a5ce7ad4af9e4,IceChat 9 RC2
IRC,6fee01bd55a634fe,Smuxi 0.8.0.0
IRC,8904a5fd2d98b546,IceChat 7.70 20101031
IRC,ac8920ed05001800,DMDirc 0.6.5 (Profile store: C:\Users$user\AppData\Roaming\DMDirc)
IRC,ae069d21df1c57df,mIRC 6.35 / 7.19
IRC,b223c3ffbc0a7a42,Bersirc 2.2.14
IRC,c01d68e40226892b,ClicksAndWhistles 2.7.146
IRC,d3530c5294441522,HydraIRC 0.3.165
IRC,dd658a07478b46c2,PIRCH98 1.0.1.1190
IRC,e30bbea3e1642660,Neebly 1.0.4
IRC,fa496fe13dd62edf,KVIrc 3.4.2.1 / 4.0.4
Media Players,1cf97c38a5881255,MediaPortal 1.1.3
Media Players,1cffbe973a437c74,DSPlayer 0.889 Lite
Media Players,37392221756de927,RealPlayer SP 12
Media Players,3c93a049a30e25e6,J. River Media Center 16.0.149
Media Players,4a49906d074a3ad3,Media Go 1.8 (Build 121)
Media Players,4acae695c73a28c7,VLC 0.3.0 / 0.4.6
Media Players,4d8bdacf5265a04f,The KMPlayer 2.9.4.1434
Media Players,62bff50b969c2575,"Quintessential Media Player 5.0 (Build 121) - also usage stats (times used, tracks played, total time used)"
Media Players,6bc3383cb68a3e37,iTunes 7.6.0.29 / 8.0.0.35
Media Players,6e9d40a4c63bb562,Real Player Alternative 1.25 (Media Player Classic 6.4.8.2 / 6.4.9.0)
Media Players,7494a606a9eef18e,Crystal Player 1.98
Media Players,74d7f43c1561fc1e,Windows Media Player 12.0.7601.17514
Media Players,7593af37134fd767,RealPlayer 6.0.6.99 / 7 / 8 / 10.5
Media Players,817bb211c92fd254,GOM Player 2.0.12.3375 / 2.1.28.5039
Media Players,83b03b46dcd30a0e,iTunes 9.0.0.70 / 9.2.1.5 / 10.4.1.10 (begin custom ‘Tasks’ JL capability)
Media Players,90e5e8b21d7e7924,Winamp 3.0d (Build 488)
Media Players,9fda41b86ddcf1db,VLC 0.5.3 / 0.8.6i / 0.9.7 / 1.1.11
Media Players,a777ad264b54abab,JetVideo 8.0.2.200 Basic
Media Players,ae3f2acd395b622e,QuickTime Player 6.5.1 / 7.0.3 / 7.5.5 (Build 249.13)
Media Players,b50ee40805bd280f,QuickTime Alternative 1.9.5 (Media Player Classic 6.4.9.1)
Media Players,c91d08dcfc39a506,SM Player 0.6.9 r3447
Media Players,cbeb786f0132005d,VLC 0.7.2
Media Players,d22ad6d9d20e6857,ALLPlayer 4.7
Media Players,e40cb5a291ad1a5b,Songbird 1.9.3 (Build 1959)
Media Players,e6ee34ac9913c0a9,VLC 0.6.2
Media Players,f674c3a77cfe39d0,Winamp 2.95 / 5.1 / 5.621
Media Players,f92e607f9de02413,RealPlayer 14.0.6.666
Media Players,faef7def55a1d4b,VLC 2.2.6
Media Players,fe5e840511621941,JetAudio 5.1.9.3018 Basic / 6.2.5.8220 Basic / 7.0.0 Basic / 8.0.16.2000 Basic
System Cleaners,eb7e629258d326a1,WindowWasher 6.6.1.18
System Cleaners,ed7a5cc3cca8d52a,CCleaner 1.32.345 / 1.41.544 / 2.36.1233 / 3.10.1525
Usenet Newsreaders,13eb0e5d9a49eaef,Binjet 3.0.2
Usenet Newsreaders,186b5ccada1d986b,NewsGrabber 3.0.36
Usenet Newsreaders,2b164f512891ae37,NewsWolf NSListGen
Usenet Newsreaders,3168cc975b354a01,Slypheed 3.1.2 (Build 1120)
Usenet Newsreaders,36801066f71b73c5,Binbot 2.0
Usenet Newsreaders,36f6bc3efe1d99e0,Alt.Binz 0.25.0 (Build 27.09.2007)
Usenet Newsreaders,3be7b307dfccb58f,NiouzeFire 0.8.7.0
Usenet Newsreaders,3d877ec11607fe4,Thunderbird 6.0.2
Usenet Newsreaders,3ed70ef3495535f7,Gravity 3.0.4
Usenet Newsreaders,3f97341a65bac63a,Ozum 6.07 (Build 6070)
Usenet Newsreaders,43886ba3395acdcc,Easy Post 3.0
Usenet Newsreaders,4d72cfa1d0a67418,Newsgroup Image Collector
Usenet Newsreaders,6224453d9701a612,BinTube 3.7.1.0 (requires VLC 10.5!)
Usenet Newsreaders,7192f2de78fd9e96,TIFNY 5.0.3
Usenet Newsreaders,7526de4a8b5914d9,Forte Agent 6.00 (Build 32.1186)
Usenet Newsreaders,776beb1fcfc6dfa5,Thunderbird 1.0.6 (20050716) / 3.0.2
Usenet Newsreaders,780732558f827a42,AutoPix 5.3.3
Usenet Newsreaders,7a7c60efd66817a2,Spotnet 1.7.4
Usenet Newsreaders,7b2b4f995b54387d,News Reactor 20100224.16
Usenet Newsreaders,7fd04185af357bd5,UltraLeeacher 1.7.0.2969 / 1.8 Beta (Build 3490)
Usenet Newsreaders,8172865a9d5185cb,Binreader 1.0 (Beta 1)
Usenet Newsreaders,8211531a7918b389,Newsbin Pro 6.00 (Build 1019) (JL support)
Usenet Newsreaders,86781fe8437db23e,Messenger Pro 2.66.6.3353
Usenet Newsreaders,92f1d5db021cd876,NewsLeecher 4.0 / 5.0 Beta 6
Usenet Newsreaders,9dacebaa9ac8ca4e,TLNews Newsreader 2.2.0 (Build 2430)
Usenet Newsreaders,9f03ae476ad461fa,GroupsAloud 1.0
Usenet Newsreaders,a4def57ee99d77e9,Nomad News 1.43
Usenet Newsreaders,aa11f575087b3bdc,Unzbin 2.6.8
Usenet Newsreaders,ace8715529916d31,40tude Dialog 2.0.15.1 (Beta 38)
Usenet Newsreaders,baea31eacd87186b,BinaryBoy 1.97 (Build 55)
Usenet Newsreaders,bf483b423ebbd327,Binary Vortex 5.0
Usenet Newsreaders,bfe841f4d35c92b1,QuadSucker/News 5.0
Usenet Newsreaders,c02baf50d02056fc,FotoVac 1.0
Usenet Newsreaders,c845f3a6022d647c,Another File 2.03 (Build 2/7/2004)
Usenet Newsreaders,c98ab5ccf25dda79,NewsShark 2.0
Usenet Newsreaders,cb1d97aca3fb7e6b,Newz Crawler 1.9.0 (Build 4100)
Usenet Newsreaders,cb984e3bc7faf234,NewsRover 17.0 (Rev.0)
Usenet Newsreaders,cc76755e0f925ce6,AllPicturez 1.2
Usenet Newsreaders,cd40ead0b1eb15ab,NNTPGrab 0.6.2
Usenet Newsreaders,cf6379a9a987366e,Digibin 1.31
Usenet Newsreaders,cfab0ec14b6f953,Express NewsPictures 2.41 (Build 08.05.07.0)
Usenet Newsreaders,d0261ed6e16b200b,News File Grabber 4.6.0.4
Usenet Newsreaders,d1fc019238236806,Newsgroup Commander Pro 9.05
Usenet Newsreaders,d3c5cf21e86b28af,SeaMonkey 2.3.3
Usenet Newsreaders,d53b52fb65bde78c,Android Newsgroup Downloader 6.2
Usenet Newsreaders,d5c02fc7afbb3fd4,NNTPGrab 0.6.2 Server
Usenet Newsreaders,d7666c416cba240c,NewsMan Pro 3.0.5.2
Usenet Newsreaders,d7db75db9cdd7c5d,Xnews 5.04.25
Usenet Newsreaders,dba909a61476ccec,NewsWolf 1.41
Usenet Newsreaders,de76415e0060ce13,Noworyta News Reader 2.9
Usenet Newsreaders,eab25958dbddbaa4,Binary News Reaper 2 (Beta 0.14.7.448)
Usenet Newsreaders,eb3300e672136bc7,Stream Reactor 1.0 Beta 9 (uses VLC!)
Usenet Newsreaders,f920768fe275f7f4,Grabit 1.5.3 Beta (Build 909) / 1.6.2 (Build 940) / 1.7.2 Beta 4 (Build 997)
Utilities,23709f6439b9f03d,Hex Editor Neo 5.14
Utilities,290532160612e071,WinRAR 2.90 / 3.60 / 4.01
Utilities,337ed59af273c758,Sticky Notes
Utilities,337ed59af273c758,Sticky Notes (Windows 10)
Utilities,3dc02b55e44d6697,7-Zip 3.13 / 4.20
Utilities,4975d6798a8bdf66,7-Zip 4.65 / 9.20
Utilities,4b6925efc53a3c08,BCWipe 5.02.2 Task Manager 3.02.3
Utilities,b74736c2bd8cc8a5,WinZip 15.5 (9468)
Utilities,bc0c37e84e063727,Windows Command Processor - cmd.exe (32-bit)
Utilities,c9950c443027c765,WinZip 9.0 SR-1 (6224) / 10.0 (6667)
Utilities,e57cfc995bdc1d98,Snagit 11
